{"accessibility":0.3246058649,"beach_access":0.5720323412,"business_facilities":0.292925464,"cleanliness":0.2639359871,"family_friendly":0.0675894911,"food_dining":0.4859262671,"local_culture":0.4075066534,"location_central":0.6921683323,"luxury":0.7366746199,"nightlife":0.1334037172,"quietness":0.336729269,"safety":-0.0079107603,"service":0.3173186632,"value":0.1162982067,"wellness_spa":0.4107950479}